<?xml version="1.0" encoding="UTF-8"?>
<model version="1.2.0">
  <mesh path="mesh.ply">
    <faceCount>48558</faceCount>
    <vertexCount>24624</vertexCount>
    <hasVertexColors>true</hasVertexColors>
    <hasUV>true</hasUV>
  </mesh>
  <texture path="texture.png"/>
  <meta>
    <property name="atlas/atlas_blend_mode" value="3"/>
    <property name="atlas/atlas_count" value="1"/>
    <property name="atlas/atlas_height" value="4096"/>
    <property name="atlas/atlas_mapping_mode" value="1"/>
    <property name="atlas/atlas_width" value="4096"/>
    <property name="atlas/duration_blend" value="64.937"/>
    <property name="atlas/duration_uv" value="29.662"/>
    <property name="model/depth_downscale" value="4"/>
    <property name="model/depth_filter_mode" value="2"/>
    <property name="model/duration" value="45.835"/>
    <property name="model/mesh_face_count" value="60000"/>
    <property name="model/mesh_interpolation" value="1"/>
    <property name="model/mesh_object_type" value="0"/>
    <property name="model/mesh_source_data" value="1"/>
    <property name="model/resolution" value="0.0107461567249483"/>
  </meta>
</model>
