<?xml version="1.0" encoding="UTF-8"?>
<frame>
  <cameras>
    <camera camera_id="0">
      <photo path="../../../../../Agisoft fotos/Tablet/20180505_154719.jpg">
        <meta>
          <property name="Exif/ApertureValue" value="1.53"/>
          <property name="Exif/DateTime" value="2018:05:05 15:47:19"/>
          <property name="Exif/DateTimeOriginal" value="2018:05:05 15:47:19"/>
          <property name="Exif/ExposureTime" value="0.1"/>
          <property name="Exif/FNumber" value="1.7"/>
          <property name="Exif/FocalLength" value="4.2"/>
          <property name="Exif/FocalLengthIn35mmFilm" value="26"/>
          <property name="Exif/ISOSpeedRatings" value="200"/>
          <property name="Exif/Make" value="samsung"/>
          <property name="Exif/Model" value="SM-G950F"/>
          <property name="Exif/Orientation" value="6"/>
          <property name="Exif/ShutterSpeedValue" value="3.32"/>
          <property name="Exif/Software" value="G950FXXU1CRD7"/>
          <property name="File/ImageHeight" value="1960"/>
          <property name="File/ImageWidth" value="4032"/>
          <property name="System/FileModifyDate" value="2018:05:05 15:47:19"/>
          <property name="System/FileSize" value="2936970"/>
        </meta>
      </photo>
    </camera>
    <camera camera_id="1">
      <photo path="../../../../../Agisoft fotos/Tablet/20180505_154729.jpg">
        <meta>
          <property name="Exif/ApertureValue" value="1.53"/>
          <property name="Exif/DateTime" value="2018:05:05 15:47:29"/>
          <property name="Exif/DateTimeOriginal" value="2018:05:05 15:47:29"/>
          <property name="Exif/ExposureTime" value="0.1"/>
          <property name="Exif/FNumber" value="1.7"/>
          <property name="Exif/FocalLength" value="4.2"/>
          <property name="Exif/FocalLengthIn35mmFilm" value="26"/>
          <property name="Exif/ISOSpeedRatings" value="250"/>
          <property name="Exif/Make" value="samsung"/>
          <property name="Exif/Model" value="SM-G950F"/>
          <property name="Exif/Orientation" value="6"/>
          <property name="Exif/ShutterSpeedValue" value="3.32"/>
          <property name="Exif/Software" value="G950FXXU1CRD7"/>
          <property name="File/ImageHeight" value="1960"/>
          <property name="File/ImageWidth" value="4032"/>
          <property name="System/FileModifyDate" value="2018:05:05 15:47:29"/>
          <property name="System/FileSize" value="2892235"/>
        </meta>
      </photo>
    </camera>
    <camera camera_id="2">
      <photo path="../../../../../Agisoft fotos/Tablet/20180505_154737.jpg">
        <meta>
          <property name="Exif/ApertureValue" value="1.53"/>
          <property name="Exif/DateTime" value="2018:05:05 15:47:36"/>
          <property name="Exif/DateTimeOriginal" value="2018:05:05 15:47:36"/>
          <property name="Exif/ExposureTime" value="0.1"/>
          <property name="Exif/FNumber" value="1.7"/>
          <property name="Exif/FocalLength" value="4.2"/>
          <property name="Exif/FocalLengthIn35mmFilm" value="26"/>
          <property name="Exif/ISOSpeedRatings" value="250"/>
          <property name="Exif/Make" value="samsung"/>
          <property name="Exif/Model" value="SM-G950F"/>
          <property name="Exif/Orientation" value="6"/>
          <property name="Exif/ShutterSpeedValue" value="3.32"/>
          <property name="Exif/Software" value="G950FXXU1CRD7"/>
          <property name="File/ImageHeight" value="1960"/>
          <property name="File/ImageWidth" value="4032"/>
          <property name="System/FileModifyDate" value="2018:05:05 15:47:37"/>
          <property name="System/FileSize" value="2959835"/>
        </meta>
      </photo>
    </camera>
    <camera camera_id="3">
      <photo path="../../../../../Agisoft fotos/Tablet/20180505_154748.jpg">
        <meta>
          <property name="Exif/ApertureValue" value="1.53"/>
          <property name="Exif/DateTime" value="2018:05:05 15:47:48"/>
          <property name="Exif/DateTimeOriginal" value="2018:05:05 15:47:48"/>
          <property name="Exif/ExposureTime" value="0.1"/>
          <property name="Exif/FNumber" value="1.7"/>
          <property name="Exif/FocalLength" value="4.2"/>
          <property name="Exif/FocalLengthIn35mmFilm" value="26"/>
          <property name="Exif/ISOSpeedRatings" value="320"/>
          <property name="Exif/Make" value="samsung"/>
          <property name="Exif/Model" value="SM-G950F"/>
          <property name="Exif/Orientation" value="6"/>
          <property name="Exif/ShutterSpeedValue" value="3.32"/>
          <property name="Exif/Software" value="G950FXXU1CRD7"/>
          <property name="File/ImageHeight" value="1960"/>
          <property name="File/ImageWidth" value="4032"/>
          <property name="System/FileModifyDate" value="2018:05:05 15:47:48"/>
          <property name="System/FileSize" value="2949964"/>
        </meta>
      </photo>
    </camera>
    <camera camera_id="4">
      <photo path="../../../../../Agisoft fotos/Tablet/20180505_154755.jpg">
        <meta>
          <property name="Exif/ApertureValue" value="1.53"/>
          <property name="Exif/DateTime" value="2018:05:05 15:47:55"/>
          <property name="Exif/DateTimeOriginal" value="2018:05:05 15:47:55"/>
          <property name="Exif/ExposureTime" value="0.1"/>
          <property name="Exif/FNumber" value="1.7"/>
          <property name="Exif/FocalLength" value="4.2"/>
          <property name="Exif/FocalLengthIn35mmFilm" value="26"/>
          <property name="Exif/ISOSpeedRatings" value="200"/>
          <property name="Exif/Make" value="samsung"/>
          <property name="Exif/Model" value="SM-G950F"/>
          <property name="Exif/Orientation" value="6"/>
          <property name="Exif/ShutterSpeedValue" value="3.38"/>
          <property name="Exif/Software" value="G950FXXU1CRD7"/>
          <property name="File/ImageHeight" value="1960"/>
          <property name="File/ImageWidth" value="4032"/>
          <property name="System/FileModifyDate" value="2018:05:05 15:47:56"/>
          <property name="System/FileSize" value="2975764"/>
        </meta>
      </photo>
    </camera>
    <camera camera_id="5">
      <photo path="../../../../../Agisoft fotos/Tablet/20180505_154805.jpg">
        <meta>
          <property name="Exif/ApertureValue" value="1.53"/>
          <property name="Exif/DateTime" value="2018:05:05 15:48:05"/>
          <property name="Exif/DateTimeOriginal" value="2018:05:05 15:48:05"/>
          <property name="Exif/ExposureTime" value="0.1"/>
          <property name="Exif/FNumber" value="1.7"/>
          <property name="Exif/FocalLength" value="4.2"/>
          <property name="Exif/FocalLengthIn35mmFilm" value="26"/>
          <property name="Exif/ISOSpeedRatings" value="200"/>
          <property name="Exif/Make" value="samsung"/>
          <property name="Exif/Model" value="SM-G950F"/>
          <property name="Exif/Orientation" value="6"/>
          <property name="Exif/ShutterSpeedValue" value="3.36"/>
          <property name="Exif/Software" value="G950FXXU1CRD7"/>
          <property name="File/ImageHeight" value="1960"/>
          <property name="File/ImageWidth" value="4032"/>
          <property name="System/FileModifyDate" value="2018:05:05 15:48:05"/>
          <property name="System/FileSize" value="3014144"/>
        </meta>
      </photo>
    </camera>
    <camera camera_id="6">
      <photo path="../../../../../Agisoft fotos/Tablet/20180505_154811.jpg">
        <meta>
          <property name="Exif/ApertureValue" value="1.53"/>
          <property name="Exif/DateTime" value="2018:05:05 15:48:11"/>
          <property name="Exif/DateTimeOriginal" value="2018:05:05 15:48:11"/>
          <property name="Exif/ExposureTime" value="0.1"/>
          <property name="Exif/FNumber" value="1.7"/>
          <property name="Exif/FocalLength" value="4.2"/>
          <property name="Exif/FocalLengthIn35mmFilm" value="26"/>
          <property name="Exif/ISOSpeedRatings" value="200"/>
          <property name="Exif/Make" value="samsung"/>
          <property name="Exif/Model" value="SM-G950F"/>
          <property name="Exif/Orientation" value="6"/>
          <property name="Exif/ShutterSpeedValue" value="3.32"/>
          <property name="Exif/Software" value="G950FXXU1CRD7"/>
          <property name="File/ImageHeight" value="1960"/>
          <property name="File/ImageWidth" value="4032"/>
          <property name="System/FileModifyDate" value="2018:05:05 15:48:11"/>
          <property name="System/FileSize" value="2939828"/>
        </meta>
      </photo>
    </camera>
    <camera camera_id="7">
      <photo path="../../../../../Agisoft fotos/Tablet/20180505_154817.jpg">
        <meta>
          <property name="Exif/ApertureValue" value="1.53"/>
          <property name="Exif/DateTime" value="2018:05:05 15:48:17"/>
          <property name="Exif/DateTimeOriginal" value="2018:05:05 15:48:17"/>
          <property name="Exif/ExposureTime" value="0.1"/>
          <property name="Exif/FNumber" value="1.7"/>
          <property name="Exif/FocalLength" value="4.2"/>
          <property name="Exif/FocalLengthIn35mmFilm" value="26"/>
          <property name="Exif/ISOSpeedRatings" value="200"/>
          <property name="Exif/Make" value="samsung"/>
          <property name="Exif/Model" value="SM-G950F"/>
          <property name="Exif/Orientation" value="6"/>
          <property name="Exif/ShutterSpeedValue" value="3.34"/>
          <property name="Exif/Software" value="G950FXXU1CRD7"/>
          <property name="File/ImageHeight" value="1960"/>
          <property name="File/ImageWidth" value="4032"/>
          <property name="System/FileModifyDate" value="2018:05:05 15:48:18"/>
          <property name="System/FileSize" value="2715459"/>
        </meta>
      </photo>
    </camera>
    <camera camera_id="8">
      <photo path="../../../../../Agisoft fotos/Tablet/20180505_154824.jpg">
        <meta>
          <property name="Exif/ApertureValue" value="1.53"/>
          <property name="Exif/DateTime" value="2018:05:05 15:48:24"/>
          <property name="Exif/DateTimeOriginal" value="2018:05:05 15:48:24"/>
          <property name="Exif/ExposureTime" value="0.1"/>
          <property name="Exif/FNumber" value="1.7"/>
          <property name="Exif/FocalLength" value="4.2"/>
          <property name="Exif/FocalLengthIn35mmFilm" value="26"/>
          <property name="Exif/ISOSpeedRatings" value="200"/>
          <property name="Exif/Make" value="samsung"/>
          <property name="Exif/Model" value="SM-G950F"/>
          <property name="Exif/Orientation" value="6"/>
          <property name="Exif/ShutterSpeedValue" value="3.36"/>
          <property name="Exif/Software" value="G950FXXU1CRD7"/>
          <property name="File/ImageHeight" value="1960"/>
          <property name="File/ImageWidth" value="4032"/>
          <property name="System/FileModifyDate" value="2018:05:05 15:48:24"/>
          <property name="System/FileSize" value="2700379"/>
        </meta>
      </photo>
    </camera>
    <camera camera_id="9">
      <photo path="../../../../../Agisoft fotos/Tablet/20180505_154829.jpg">
        <meta>
          <property name="Exif/ApertureValue" value="1.53"/>
          <property name="Exif/DateTime" value="2018:05:05 15:48:29"/>
          <property name="Exif/DateTimeOriginal" value="2018:05:05 15:48:29"/>
          <property name="Exif/ExposureTime" value="0.0909090909090909"/>
          <property name="Exif/FNumber" value="1.7"/>
          <property name="Exif/FocalLength" value="4.2"/>
          <property name="Exif/FocalLengthIn35mmFilm" value="26"/>
          <property name="Exif/ISOSpeedRatings" value="200"/>
          <property name="Exif/Make" value="samsung"/>
          <property name="Exif/Model" value="SM-G950F"/>
          <property name="Exif/Orientation" value="6"/>
          <property name="Exif/ShutterSpeedValue" value="3.41"/>
          <property name="Exif/Software" value="G950FXXU1CRD7"/>
          <property name="File/ImageHeight" value="1960"/>
          <property name="File/ImageWidth" value="4032"/>
          <property name="System/FileModifyDate" value="2018:05:05 15:48:29"/>
          <property name="System/FileSize" value="3025046"/>
        </meta>
      </photo>
    </camera>
    <camera camera_id="10">
      <photo path="../../../../../Agisoft fotos/Tablet/20180505_154836.jpg">
        <meta>
          <property name="Exif/ApertureValue" value="1.53"/>
          <property name="Exif/DateTime" value="2018:05:05 15:48:36"/>
          <property name="Exif/DateTimeOriginal" value="2018:05:05 15:48:36"/>
          <property name="Exif/ExposureTime" value="0.0909090909090909"/>
          <property name="Exif/FNumber" value="1.7"/>
          <property name="Exif/FocalLength" value="4.2"/>
          <property name="Exif/FocalLengthIn35mmFilm" value="26"/>
          <property name="Exif/ISOSpeedRatings" value="200"/>
          <property name="Exif/Make" value="samsung"/>
          <property name="Exif/Model" value="SM-G950F"/>
          <property name="Exif/Orientation" value="6"/>
          <property name="Exif/ShutterSpeedValue" value="3.41"/>
          <property name="Exif/Software" value="G950FXXU1CRD7"/>
          <property name="File/ImageHeight" value="1960"/>
          <property name="File/ImageWidth" value="4032"/>
          <property name="System/FileModifyDate" value="2018:05:05 15:48:36"/>
          <property name="System/FileSize" value="3030769"/>
        </meta>
      </photo>
    </camera>
    <camera camera_id="11">
      <photo path="../../../../../Agisoft fotos/Tablet/20180505_154848.jpg">
        <meta>
          <property name="Exif/ApertureValue" value="1.53"/>
          <property name="Exif/DateTime" value="2018:05:05 15:48:48"/>
          <property name="Exif/DateTimeOriginal" value="2018:05:05 15:48:48"/>
          <property name="Exif/ExposureTime" value="0.0833333333333333"/>
          <property name="Exif/FNumber" value="1.7"/>
          <property name="Exif/FocalLength" value="4.2"/>
          <property name="Exif/FocalLengthIn35mmFilm" value="26"/>
          <property name="Exif/ISOSpeedRatings" value="200"/>
          <property name="Exif/Make" value="samsung"/>
          <property name="Exif/Model" value="SM-G950F"/>
          <property name="Exif/Orientation" value="1"/>
          <property name="Exif/ShutterSpeedValue" value="3.63"/>
          <property name="Exif/Software" value="G950FXXU1CRD7"/>
          <property name="File/ImageHeight" value="1960"/>
          <property name="File/ImageWidth" value="4032"/>
          <property name="System/FileModifyDate" value="2018:05:05 15:48:48"/>
          <property name="System/FileSize" value="2930503"/>
        </meta>
      </photo>
    </camera>
    <camera camera_id="12">
      <photo path="../../../../../Agisoft fotos/Tablet/20180505_154852.jpg">
        <meta>
          <property name="Exif/ApertureValue" value="1.53"/>
          <property name="Exif/DateTime" value="2018:05:05 15:48:52"/>
          <property name="Exif/DateTimeOriginal" value="2018:05:05 15:48:52"/>
          <property name="Exif/ExposureTime" value="0.0909090909090909"/>
          <property name="Exif/FNumber" value="1.7"/>
          <property name="Exif/FocalLength" value="4.2"/>
          <property name="Exif/FocalLengthIn35mmFilm" value="26"/>
          <property name="Exif/ISOSpeedRatings" value="200"/>
          <property name="Exif/Make" value="samsung"/>
          <property name="Exif/Model" value="SM-G950F"/>
          <property name="Exif/Orientation" value="1"/>
          <property name="Exif/ShutterSpeedValue" value="3.44"/>
          <property name="Exif/Software" value="G950FXXU1CRD7"/>
          <property name="File/ImageHeight" value="1960"/>
          <property name="File/ImageWidth" value="4032"/>
          <property name="System/FileModifyDate" value="2018:05:05 15:48:52"/>
          <property name="System/FileSize" value="2876650"/>
        </meta>
      </photo>
    </camera>
    <camera camera_id="13">
      <photo path="../../../../../Agisoft fotos/Tablet/20180505_154859.jpg">
        <meta>
          <property name="Exif/ApertureValue" value="1.53"/>
          <property name="Exif/DateTime" value="2018:05:05 15:48:58"/>
          <property name="Exif/DateTimeOriginal" value="2018:05:05 15:48:58"/>
          <property name="Exif/ExposureTime" value="0.1"/>
          <property name="Exif/FNumber" value="1.7"/>
          <property name="Exif/FocalLength" value="4.2"/>
          <property name="Exif/FocalLengthIn35mmFilm" value="26"/>
          <property name="Exif/ISOSpeedRatings" value="250"/>
          <property name="Exif/Make" value="samsung"/>
          <property name="Exif/Model" value="SM-G950F"/>
          <property name="Exif/Orientation" value="1"/>
          <property name="Exif/ShutterSpeedValue" value="3.32"/>
          <property name="Exif/Software" value="G950FXXU1CRD7"/>
          <property name="File/ImageHeight" value="1960"/>
          <property name="File/ImageWidth" value="4032"/>
          <property name="System/FileModifyDate" value="2018:05:05 15:48:59"/>
          <property name="System/FileSize" value="2673904"/>
        </meta>
      </photo>
    </camera>
    <camera camera_id="14">
      <photo path="../../../../../Agisoft fotos/Tablet/20180505_154901.jpg">
        <meta>
          <property name="Exif/ApertureValue" value="1.53"/>
          <property name="Exif/DateTime" value="2018:05:05 15:49:01"/>
          <property name="Exif/DateTimeOriginal" value="2018:05:05 15:49:01"/>
          <property name="Exif/ExposureTime" value="0.1"/>
          <property name="Exif/FNumber" value="1.7"/>
          <property name="Exif/FocalLength" value="4.2"/>
          <property name="Exif/FocalLengthIn35mmFilm" value="26"/>
          <property name="Exif/ISOSpeedRatings" value="250"/>
          <property name="Exif/Make" value="samsung"/>
          <property name="Exif/Model" value="SM-G950F"/>
          <property name="Exif/Orientation" value="1"/>
          <property name="Exif/ShutterSpeedValue" value="3.32"/>
          <property name="Exif/Software" value="G950FXXU1CRD7"/>
          <property name="File/ImageHeight" value="1960"/>
          <property name="File/ImageWidth" value="4032"/>
          <property name="System/FileModifyDate" value="2018:05:05 15:49:01"/>
          <property name="System/FileSize" value="2757188"/>
        </meta>
      </photo>
    </camera>
    <camera camera_id="15">
      <photo path="../../../../../Agisoft fotos/Tablet/20180505_154908.jpg">
        <meta>
          <property name="Exif/ApertureValue" value="1.53"/>
          <property name="Exif/DateTime" value="2018:05:05 15:49:08"/>
          <property name="Exif/DateTimeOriginal" value="2018:05:05 15:49:08"/>
          <property name="Exif/ExposureTime" value="0.0833333333333333"/>
          <property name="Exif/FNumber" value="1.7"/>
          <property name="Exif/FocalLength" value="4.2"/>
          <property name="Exif/FocalLengthIn35mmFilm" value="26"/>
          <property name="Exif/ISOSpeedRatings" value="200"/>
          <property name="Exif/Make" value="samsung"/>
          <property name="Exif/Model" value="SM-G950F"/>
          <property name="Exif/Orientation" value="1"/>
          <property name="Exif/ShutterSpeedValue" value="3.57"/>
          <property name="Exif/Software" value="G950FXXU1CRD7"/>
          <property name="File/ImageHeight" value="1960"/>
          <property name="File/ImageWidth" value="4032"/>
          <property name="System/FileModifyDate" value="2018:05:05 15:49:08"/>
          <property name="System/FileSize" value="2649415"/>
        </meta>
      </photo>
    </camera>
    <camera camera_id="16">
      <photo path="../../../../../Agisoft fotos/Tablet/20180505_154911.jpg">
        <meta>
          <property name="Exif/ApertureValue" value="1.53"/>
          <property name="Exif/DateTime" value="2018:05:05 15:49:11"/>
          <property name="Exif/DateTimeOriginal" value="2018:05:05 15:49:11"/>
          <property name="Exif/ExposureTime" value="0.0769230769230769"/>
          <property name="Exif/FNumber" value="1.7"/>
          <property name="Exif/FocalLength" value="4.2"/>
          <property name="Exif/FocalLengthIn35mmFilm" value="26"/>
          <property name="Exif/ISOSpeedRatings" value="200"/>
          <property name="Exif/Make" value="samsung"/>
          <property name="Exif/Model" value="SM-G950F"/>
          <property name="Exif/Orientation" value="1"/>
          <property name="Exif/ShutterSpeedValue" value="3.69"/>
          <property name="Exif/Software" value="G950FXXU1CRD7"/>
          <property name="File/ImageHeight" value="1960"/>
          <property name="File/ImageWidth" value="4032"/>
          <property name="System/FileModifyDate" value="2018:05:05 15:49:11"/>
          <property name="System/FileSize" value="2725441"/>
        </meta>
      </photo>
    </camera>
    <camera camera_id="17">
      <photo path="../../../../../Agisoft fotos/Tablet/20180505_154915.jpg">
        <meta>
          <property name="Exif/ApertureValue" value="1.53"/>
          <property name="Exif/DateTime" value="2018:05:05 15:49:15"/>
          <property name="Exif/DateTimeOriginal" value="2018:05:05 15:49:15"/>
          <property name="Exif/ExposureTime" value="0.0909090909090909"/>
          <property name="Exif/FNumber" value="1.7"/>
          <property name="Exif/FocalLength" value="4.2"/>
          <property name="Exif/FocalLengthIn35mmFilm" value="26"/>
          <property name="Exif/ISOSpeedRatings" value="200"/>
          <property name="Exif/Make" value="samsung"/>
          <property name="Exif/Model" value="SM-G950F"/>
          <property name="Exif/Orientation" value="1"/>
          <property name="Exif/ShutterSpeedValue" value="3.51"/>
          <property name="Exif/Software" value="G950FXXU1CRD7"/>
          <property name="File/ImageHeight" value="1960"/>
          <property name="File/ImageWidth" value="4032"/>
          <property name="System/FileModifyDate" value="2018:05:05 15:49:15"/>
          <property name="System/FileSize" value="2620739"/>
        </meta>
      </photo>
    </camera>
    <camera camera_id="18">
      <photo path="../../../../../Agisoft fotos/Tablet/20180505_154921.jpg">
        <meta>
          <property name="Exif/ApertureValue" value="1.53"/>
          <property name="Exif/DateTime" value="2018:05:05 15:49:21"/>
          <property name="Exif/DateTimeOriginal" value="2018:05:05 15:49:21"/>
          <property name="Exif/ExposureTime" value="0.0588235294117647"/>
          <property name="Exif/FNumber" value="1.7"/>
          <property name="Exif/FocalLength" value="4.2"/>
          <property name="Exif/FocalLengthIn35mmFilm" value="26"/>
          <property name="Exif/ISOSpeedRatings" value="200"/>
          <property name="Exif/Make" value="samsung"/>
          <property name="Exif/Model" value="SM-G950F"/>
          <property name="Exif/Orientation" value="1"/>
          <property name="Exif/ShutterSpeedValue" value="4.05"/>
          <property name="Exif/Software" value="G950FXXU1CRD7"/>
          <property name="File/ImageHeight" value="1960"/>
          <property name="File/ImageWidth" value="4032"/>
          <property name="System/FileModifyDate" value="2018:05:05 15:49:21"/>
          <property name="System/FileSize" value="2719315"/>
        </meta>
      </photo>
    </camera>
    <camera camera_id="19">
      <photo path="../../../../../Agisoft fotos/Tablet/20180505_154925.jpg">
        <meta>
          <property name="Exif/ApertureValue" value="1.53"/>
          <property name="Exif/DateTime" value="2018:05:05 15:49:25"/>
          <property name="Exif/DateTimeOriginal" value="2018:05:05 15:49:25"/>
          <property name="Exif/ExposureTime" value="0.0526315789473684"/>
          <property name="Exif/FNumber" value="1.7"/>
          <property name="Exif/FocalLength" value="4.2"/>
          <property name="Exif/FocalLengthIn35mmFilm" value="26"/>
          <property name="Exif/ISOSpeedRatings" value="200"/>
          <property name="Exif/Make" value="samsung"/>
          <property name="Exif/Model" value="SM-G950F"/>
          <property name="Exif/Orientation" value="1"/>
          <property name="Exif/ShutterSpeedValue" value="4.27"/>
          <property name="Exif/Software" value="G950FXXU1CRD7"/>
          <property name="File/ImageHeight" value="1960"/>
          <property name="File/ImageWidth" value="4032"/>
          <property name="System/FileModifyDate" value="2018:05:05 15:49:25"/>
          <property name="System/FileSize" value="2702135"/>
        </meta>
      </photo>
    </camera>
    <camera camera_id="20">
      <photo path="../../../../../Agisoft fotos/Tablet/20180505_154931.jpg">
        <meta>
          <property name="Exif/ApertureValue" value="1.53"/>
          <property name="Exif/DateTime" value="2018:05:05 15:49:31"/>
          <property name="Exif/DateTimeOriginal" value="2018:05:05 15:49:31"/>
          <property name="Exif/ExposureTime" value="0.0416666666666667"/>
          <property name="Exif/FNumber" value="1.7"/>
          <property name="Exif/FocalLength" value="4.2"/>
          <property name="Exif/FocalLengthIn35mmFilm" value="26"/>
          <property name="Exif/ISOSpeedRatings" value="200"/>
          <property name="Exif/Make" value="samsung"/>
          <property name="Exif/Model" value="SM-G950F"/>
          <property name="Exif/Orientation" value="1"/>
          <property name="Exif/ShutterSpeedValue" value="4.58"/>
          <property name="Exif/Software" value="G950FXXU1CRD7"/>
          <property name="File/ImageHeight" value="1960"/>
          <property name="File/ImageWidth" value="4032"/>
          <property name="System/FileModifyDate" value="2018:05:05 15:49:31"/>
          <property name="System/FileSize" value="2855659"/>
        </meta>
      </photo>
    </camera>
    <camera camera_id="21">
      <photo path="../../../../../Agisoft fotos/Tablet/20180505_154935.jpg">
        <meta>
          <property name="Exif/ApertureValue" value="1.53"/>
          <property name="Exif/DateTime" value="2018:05:05 15:49:35"/>
          <property name="Exif/DateTimeOriginal" value="2018:05:05 15:49:35"/>
          <property name="Exif/ExposureTime" value="0.0769230769230769"/>
          <property name="Exif/FNumber" value="1.7"/>
          <property name="Exif/FocalLength" value="4.2"/>
          <property name="Exif/FocalLengthIn35mmFilm" value="26"/>
          <property name="Exif/ISOSpeedRatings" value="200"/>
          <property name="Exif/Make" value="samsung"/>
          <property name="Exif/Model" value="SM-G950F"/>
          <property name="Exif/Orientation" value="1"/>
          <property name="Exif/ShutterSpeedValue" value="3.71"/>
          <property name="Exif/Software" value="G950FXXU1CRD7"/>
          <property name="File/ImageHeight" value="1960"/>
          <property name="File/ImageWidth" value="4032"/>
          <property name="System/FileModifyDate" value="2018:05:05 15:49:35"/>
          <property name="System/FileSize" value="2904159"/>
        </meta>
      </photo>
    </camera>
    <camera camera_id="22">
      <photo path="../../../../../Agisoft fotos/Tablet/20180505_154940.jpg">
        <meta>
          <property name="Exif/ApertureValue" value="1.53"/>
          <property name="Exif/DateTime" value="2018:05:05 15:49:40"/>
          <property name="Exif/DateTimeOriginal" value="2018:05:05 15:49:40"/>
          <property name="Exif/ExposureTime" value="0.0833333333333333"/>
          <property name="Exif/FNumber" value="1.7"/>
          <property name="Exif/FocalLength" value="4.2"/>
          <property name="Exif/FocalLengthIn35mmFilm" value="26"/>
          <property name="Exif/ISOSpeedRatings" value="200"/>
          <property name="Exif/Make" value="samsung"/>
          <property name="Exif/Model" value="SM-G950F"/>
          <property name="Exif/Orientation" value="1"/>
          <property name="Exif/ShutterSpeedValue" value="3.54"/>
          <property name="Exif/Software" value="G950FXXU1CRD7"/>
          <property name="File/ImageHeight" value="1960"/>
          <property name="File/ImageWidth" value="4032"/>
          <property name="System/FileModifyDate" value="2018:05:05 15:49:40"/>
          <property name="System/FileSize" value="2995647"/>
        </meta>
      </photo>
    </camera>
    <camera camera_id="23">
      <photo path="../../../../../Agisoft fotos/Tablet/20180505_154943.jpg">
        <meta>
          <property name="Exif/ApertureValue" value="1.53"/>
          <property name="Exif/DateTime" value="2018:05:05 15:49:43"/>
          <property name="Exif/DateTimeOriginal" value="2018:05:05 15:49:43"/>
          <property name="Exif/ExposureTime" value="0.0909090909090909"/>
          <property name="Exif/FNumber" value="1.7"/>
          <property name="Exif/FocalLength" value="4.2"/>
          <property name="Exif/FocalLengthIn35mmFilm" value="26"/>
          <property name="Exif/ISOSpeedRatings" value="200"/>
          <property name="Exif/Make" value="samsung"/>
          <property name="Exif/Model" value="SM-G950F"/>
          <property name="Exif/Orientation" value="1"/>
          <property name="Exif/ShutterSpeedValue" value="3.43"/>
          <property name="Exif/Software" value="G950FXXU1CRD7"/>
          <property name="File/ImageHeight" value="1960"/>
          <property name="File/ImageWidth" value="4032"/>
          <property name="System/FileModifyDate" value="2018:05:05 15:49:43"/>
          <property name="System/FileSize" value="2898348"/>
        </meta>
      </photo>
    </camera>
    <camera camera_id="24">
      <photo path="../../../../../Agisoft fotos/Tablet/20180505_154956.jpg">
        <meta>
          <property name="Exif/ApertureValue" value="1.53"/>
          <property name="Exif/DateTime" value="2018:05:05 15:49:56"/>
          <property name="Exif/DateTimeOriginal" value="2018:05:05 15:49:56"/>
          <property name="Exif/ExposureTime" value="0.1"/>
          <property name="Exif/FNumber" value="1.7"/>
          <property name="Exif/FocalLength" value="4.2"/>
          <property name="Exif/FocalLengthIn35mmFilm" value="26"/>
          <property name="Exif/ISOSpeedRatings" value="200"/>
          <property name="Exif/Make" value="samsung"/>
          <property name="Exif/Model" value="SM-G950F"/>
          <property name="Exif/Orientation" value="1"/>
          <property name="Exif/ShutterSpeedValue" value="3.35"/>
          <property name="Exif/Software" value="G950FXXU1CRD7"/>
          <property name="File/ImageHeight" value="1960"/>
          <property name="File/ImageWidth" value="4032"/>
          <property name="System/FileModifyDate" value="2018:05:05 15:49:56"/>
          <property name="System/FileSize" value="2428844"/>
        </meta>
      </photo>
    </camera>
    <camera camera_id="25">
      <photo path="../../../../../Agisoft fotos/Tablet/20180505_155001.jpg">
        <meta>
          <property name="Exif/ApertureValue" value="1.53"/>
          <property name="Exif/DateTime" value="2018:05:05 15:50:01"/>
          <property name="Exif/DateTimeOriginal" value="2018:05:05 15:50:01"/>
          <property name="Exif/ExposureTime" value="0.1"/>
          <property name="Exif/FNumber" value="1.7"/>
          <property name="Exif/FocalLength" value="4.2"/>
          <property name="Exif/FocalLengthIn35mmFilm" value="26"/>
          <property name="Exif/ISOSpeedRatings" value="200"/>
          <property name="Exif/Make" value="samsung"/>
          <property name="Exif/Model" value="SM-G950F"/>
          <property name="Exif/Orientation" value="1"/>
          <property name="Exif/ShutterSpeedValue" value="3.32"/>
          <property name="Exif/Software" value="G950FXXU1CRD7"/>
          <property name="File/ImageHeight" value="1960"/>
          <property name="File/ImageWidth" value="4032"/>
          <property name="System/FileModifyDate" value="2018:05:05 15:50:01"/>
          <property name="System/FileSize" value="2401763"/>
        </meta>
      </photo>
    </camera>
    <camera camera_id="26">
      <photo path="../../../../../Agisoft fotos/Tablet/20180505_155006.jpg">
        <meta>
          <property name="Exif/ApertureValue" value="1.53"/>
          <property name="Exif/DateTime" value="2018:05:05 15:50:06"/>
          <property name="Exif/DateTimeOriginal" value="2018:05:05 15:50:06"/>
          <property name="Exif/ExposureTime" value="0.1"/>
          <property name="Exif/FNumber" value="1.7"/>
          <property name="Exif/FocalLength" value="4.2"/>
          <property name="Exif/FocalLengthIn35mmFilm" value="26"/>
          <property name="Exif/ISOSpeedRatings" value="200"/>
          <property name="Exif/Make" value="samsung"/>
          <property name="Exif/Model" value="SM-G950F"/>
          <property name="Exif/Orientation" value="1"/>
          <property name="Exif/ShutterSpeedValue" value="3.37"/>
          <property name="Exif/Software" value="G950FXXU1CRD7"/>
          <property name="File/ImageHeight" value="1960"/>
          <property name="File/ImageWidth" value="4032"/>
          <property name="System/FileModifyDate" value="2018:05:05 15:50:06"/>
          <property name="System/FileSize" value="2263014"/>
        </meta>
      </photo>
    </camera>
    <camera camera_id="27">
      <photo path="../../../../../Agisoft fotos/Tablet/20180505_155014.jpg">
        <meta>
          <property name="Exif/ApertureValue" value="1.53"/>
          <property name="Exif/DateTime" value="2018:05:05 15:50:14"/>
          <property name="Exif/DateTimeOriginal" value="2018:05:05 15:50:14"/>
          <property name="Exif/ExposureTime" value="0.1"/>
          <property name="Exif/FNumber" value="1.7"/>
          <property name="Exif/FocalLength" value="4.2"/>
          <property name="Exif/FocalLengthIn35mmFilm" value="26"/>
          <property name="Exif/ISOSpeedRatings" value="200"/>
          <property name="Exif/Make" value="samsung"/>
          <property name="Exif/Model" value="SM-G950F"/>
          <property name="Exif/Orientation" value="1"/>
          <property name="Exif/ShutterSpeedValue" value="3.33"/>
          <property name="Exif/Software" value="G950FXXU1CRD7"/>
          <property name="File/ImageHeight" value="1960"/>
          <property name="File/ImageWidth" value="4032"/>
          <property name="System/FileModifyDate" value="2018:05:05 15:50:15"/>
          <property name="System/FileSize" value="2493401"/>
        </meta>
      </photo>
    </camera>
    <camera camera_id="28">
      <photo path="../../../../../Agisoft fotos/Tablet/20180505_155020.jpg">
        <meta>
          <property name="Exif/ApertureValue" value="1.53"/>
          <property name="Exif/DateTime" value="2018:05:05 15:50:20"/>
          <property name="Exif/DateTimeOriginal" value="2018:05:05 15:50:20"/>
          <property name="Exif/ExposureTime" value="0.0833333333333333"/>
          <property name="Exif/FNumber" value="1.7"/>
          <property name="Exif/FocalLength" value="4.2"/>
          <property name="Exif/FocalLengthIn35mmFilm" value="26"/>
          <property name="Exif/ISOSpeedRatings" value="200"/>
          <property name="Exif/Make" value="samsung"/>
          <property name="Exif/Model" value="SM-G950F"/>
          <property name="Exif/Orientation" value="1"/>
          <property name="Exif/ShutterSpeedValue" value="3.61"/>
          <property name="Exif/Software" value="G950FXXU1CRD7"/>
          <property name="File/ImageHeight" value="1960"/>
          <property name="File/ImageWidth" value="4032"/>
          <property name="System/FileModifyDate" value="2018:05:05 15:50:20"/>
          <property name="System/FileSize" value="2452990"/>
        </meta>
      </photo>
    </camera>
    <camera camera_id="29">
      <photo path="../../../../../Agisoft fotos/Tablet/20180505_155023.jpg">
        <meta>
          <property name="Exif/ApertureValue" value="1.53"/>
          <property name="Exif/DateTime" value="2018:05:05 15:50:23"/>
          <property name="Exif/DateTimeOriginal" value="2018:05:05 15:50:23"/>
          <property name="Exif/ExposureTime" value="0.0769230769230769"/>
          <property name="Exif/FNumber" value="1.7"/>
          <property name="Exif/FocalLength" value="4.2"/>
          <property name="Exif/FocalLengthIn35mmFilm" value="26"/>
          <property name="Exif/ISOSpeedRatings" value="200"/>
          <property name="Exif/Make" value="samsung"/>
          <property name="Exif/Model" value="SM-G950F"/>
          <property name="Exif/Orientation" value="1"/>
          <property name="Exif/ShutterSpeedValue" value="3.66"/>
          <property name="Exif/Software" value="G950FXXU1CRD7"/>
          <property name="File/ImageHeight" value="1960"/>
          <property name="File/ImageWidth" value="4032"/>
          <property name="System/FileModifyDate" value="2018:05:05 15:50:23"/>
          <property name="System/FileSize" value="2684640"/>
        </meta>
      </photo>
    </camera>
    <camera camera_id="30">
      <photo path="../../../../../Agisoft fotos/Tablet/20180505_155032.jpg">
        <meta>
          <property name="Exif/ApertureValue" value="1.53"/>
          <property name="Exif/DateTime" value="2018:05:05 15:50:32"/>
          <property name="Exif/DateTimeOriginal" value="2018:05:05 15:50:32"/>
          <property name="Exif/ExposureTime" value="0.0588235294117647"/>
          <property name="Exif/FNumber" value="1.7"/>
          <property name="Exif/FocalLength" value="4.2"/>
          <property name="Exif/FocalLengthIn35mmFilm" value="26"/>
          <property name="Exif/ISOSpeedRatings" value="200"/>
          <property name="Exif/Make" value="samsung"/>
          <property name="Exif/Model" value="SM-G950F"/>
          <property name="Exif/Orientation" value="1"/>
          <property name="Exif/ShutterSpeedValue" value="4.05"/>
          <property name="Exif/Software" value="G950FXXU1CRD7"/>
          <property name="File/ImageHeight" value="1960"/>
          <property name="File/ImageWidth" value="4032"/>
          <property name="System/FileModifyDate" value="2018:05:05 15:50:32"/>
          <property name="System/FileSize" value="2718546"/>
        </meta>
      </photo>
    </camera>
    <camera camera_id="31">
      <photo path="../../../../../Agisoft fotos/Tablet/20180505_155036.jpg">
        <meta>
          <property name="Exif/ApertureValue" value="1.53"/>
          <property name="Exif/DateTime" value="2018:05:05 15:50:36"/>
          <property name="Exif/DateTimeOriginal" value="2018:05:05 15:50:36"/>
          <property name="Exif/ExposureTime" value="0.0416666666666667"/>
          <property name="Exif/FNumber" value="1.7"/>
          <property name="Exif/FocalLength" value="4.2"/>
          <property name="Exif/FocalLengthIn35mmFilm" value="26"/>
          <property name="Exif/ISOSpeedRatings" value="200"/>
          <property name="Exif/Make" value="samsung"/>
          <property name="Exif/Model" value="SM-G950F"/>
          <property name="Exif/Orientation" value="1"/>
          <property name="Exif/ShutterSpeedValue" value="4.59"/>
          <property name="Exif/Software" value="G950FXXU1CRD7"/>
          <property name="File/ImageHeight" value="1960"/>
          <property name="File/ImageWidth" value="4032"/>
          <property name="System/FileModifyDate" value="2018:05:05 15:50:36"/>
          <property name="System/FileSize" value="2573255"/>
        </meta>
      </photo>
    </camera>
    <camera camera_id="32">
      <photo path="../../../../../Agisoft fotos/Tablet/20180505_155040.jpg">
        <meta>
          <property name="Exif/ApertureValue" value="1.53"/>
          <property name="Exif/DateTime" value="2018:05:05 15:50:40"/>
          <property name="Exif/DateTimeOriginal" value="2018:05:05 15:50:40"/>
          <property name="Exif/ExposureTime" value="0.025"/>
          <property name="Exif/FNumber" value="1.7"/>
          <property name="Exif/FocalLength" value="4.2"/>
          <property name="Exif/FocalLengthIn35mmFilm" value="26"/>
          <property name="Exif/ISOSpeedRatings" value="160"/>
          <property name="Exif/Make" value="samsung"/>
          <property name="Exif/Model" value="SM-G950F"/>
          <property name="Exif/Orientation" value="1"/>
          <property name="Exif/ShutterSpeedValue" value="5.32"/>
          <property name="Exif/Software" value="G950FXXU1CRD7"/>
          <property name="File/ImageHeight" value="1960"/>
          <property name="File/ImageWidth" value="4032"/>
          <property name="System/FileModifyDate" value="2018:05:05 15:50:40"/>
          <property name="System/FileSize" value="3185843"/>
        </meta>
      </photo>
    </camera>
    <camera camera_id="33">
      <photo path="../../../../../Agisoft fotos/Tablet/20180505_155045.jpg">
        <meta>
          <property name="Exif/ApertureValue" value="1.53"/>
          <property name="Exif/DateTime" value="2018:05:05 15:50:45"/>
          <property name="Exif/DateTimeOriginal" value="2018:05:05 15:50:45"/>
          <property name="Exif/ExposureTime" value="0.0833333333333333"/>
          <property name="Exif/FNumber" value="1.7"/>
          <property name="Exif/FocalLength" value="4.2"/>
          <property name="Exif/FocalLengthIn35mmFilm" value="26"/>
          <property name="Exif/ISOSpeedRatings" value="200"/>
          <property name="Exif/Make" value="samsung"/>
          <property name="Exif/Model" value="SM-G950F"/>
          <property name="Exif/Orientation" value="1"/>
          <property name="Exif/ShutterSpeedValue" value="3.62"/>
          <property name="Exif/Software" value="G950FXXU1CRD7"/>
          <property name="File/ImageHeight" value="1960"/>
          <property name="File/ImageWidth" value="4032"/>
          <property name="System/FileModifyDate" value="2018:05:05 15:50:45"/>
          <property name="System/FileSize" value="2632757"/>
        </meta>
      </photo>
    </camera>
    <camera camera_id="34">
      <photo path="../../../../../Agisoft fotos/Tablet/20180505_155048.jpg">
        <meta>
          <property name="Exif/ApertureValue" value="1.53"/>
          <property name="Exif/DateTime" value="2018:05:05 15:50:48"/>
          <property name="Exif/DateTimeOriginal" value="2018:05:05 15:50:48"/>
          <property name="Exif/ExposureTime" value="0.0714285714285714"/>
          <property name="Exif/FNumber" value="1.7"/>
          <property name="Exif/FocalLength" value="4.2"/>
          <property name="Exif/FocalLengthIn35mmFilm" value="26"/>
          <property name="Exif/ISOSpeedRatings" value="200"/>
          <property name="Exif/Make" value="samsung"/>
          <property name="Exif/Model" value="SM-G950F"/>
          <property name="Exif/Orientation" value="1"/>
          <property name="Exif/ShutterSpeedValue" value="3.81"/>
          <property name="Exif/Software" value="G950FXXU1CRD7"/>
          <property name="File/ImageHeight" value="1960"/>
          <property name="File/ImageWidth" value="4032"/>
          <property name="System/FileModifyDate" value="2018:05:05 15:50:48"/>
          <property name="System/FileSize" value="2476659"/>
        </meta>
      </photo>
    </camera>
    <camera camera_id="35">
      <photo path="../../../../../Agisoft fotos/Tablet/20180505_155055.jpg">
        <meta>
          <property name="Exif/ApertureValue" value="1.53"/>
          <property name="Exif/DateTime" value="2018:05:05 15:50:55"/>
          <property name="Exif/DateTimeOriginal" value="2018:05:05 15:50:55"/>
          <property name="Exif/ExposureTime" value="0.02"/>
          <property name="Exif/FNumber" value="1.7"/>
          <property name="Exif/FocalLength" value="4.2"/>
          <property name="Exif/FocalLengthIn35mmFilm" value="26"/>
          <property name="Exif/ISOSpeedRatings" value="200"/>
          <property name="Exif/Make" value="samsung"/>
          <property name="Exif/Model" value="SM-G950F"/>
          <property name="Exif/Orientation" value="1"/>
          <property name="Exif/ShutterSpeedValue" value="5.64"/>
          <property name="Exif/Software" value="G950FXXU1CRD7"/>
          <property name="File/ImageHeight" value="1960"/>
          <property name="File/ImageWidth" value="4032"/>
          <property name="System/FileModifyDate" value="2018:05:05 15:50:55"/>
          <property name="System/FileSize" value="3040267"/>
        </meta>
      </photo>
    </camera>
    <camera camera_id="36">
      <photo path="../../../../../Agisoft fotos/Tablet/20180505_155104.jpg">
        <meta>
          <property name="Exif/ApertureValue" value="1.53"/>
          <property name="Exif/DateTime" value="2018:05:05 15:51:04"/>
          <property name="Exif/DateTimeOriginal" value="2018:05:05 15:51:04"/>
          <property name="Exif/ExposureTime" value="0.037037037037037"/>
          <property name="Exif/FNumber" value="1.7"/>
          <property name="Exif/FocalLength" value="4.2"/>
          <property name="Exif/FocalLengthIn35mmFilm" value="26"/>
          <property name="Exif/ISOSpeedRatings" value="200"/>
          <property name="Exif/Make" value="samsung"/>
          <property name="Exif/Model" value="SM-G950F"/>
          <property name="Exif/Orientation" value="1"/>
          <property name="Exif/ShutterSpeedValue" value="4.77"/>
          <property name="Exif/Software" value="G950FXXU1CRD7"/>
          <property name="File/ImageHeight" value="1960"/>
          <property name="File/ImageWidth" value="4032"/>
          <property name="System/FileModifyDate" value="2018:05:05 15:51:04"/>
          <property name="System/FileSize" value="2552206"/>
        </meta>
      </photo>
    </camera>
    <camera camera_id="37">
      <photo path="../../../../../Agisoft fotos/Tablet/20180505_155116.jpg">
        <meta>
          <property name="Exif/ApertureValue" value="1.53"/>
          <property name="Exif/DateTime" value="2018:05:05 15:51:15"/>
          <property name="Exif/DateTimeOriginal" value="2018:05:05 15:51:15"/>
          <property name="Exif/ExposureTime" value="0.0909090909090909"/>
          <property name="Exif/FNumber" value="1.7"/>
          <property name="Exif/FocalLength" value="4.2"/>
          <property name="Exif/FocalLengthIn35mmFilm" value="26"/>
          <property name="Exif/ISOSpeedRatings" value="200"/>
          <property name="Exif/Make" value="samsung"/>
          <property name="Exif/Model" value="SM-G950F"/>
          <property name="Exif/Orientation" value="1"/>
          <property name="Exif/ShutterSpeedValue" value="3.51"/>
          <property name="Exif/Software" value="G950FXXU1CRD7"/>
          <property name="File/ImageHeight" value="1960"/>
          <property name="File/ImageWidth" value="4032"/>
          <property name="System/FileModifyDate" value="2018:05:05 15:51:16"/>
          <property name="System/FileSize" value="2696799"/>
        </meta>
      </photo>
    </camera>
    <camera camera_id="38">
      <photo path="../../../../../Agisoft fotos/Tablet/20180505_155121.jpg">
        <meta>
          <property name="Exif/ApertureValue" value="1.53"/>
          <property name="Exif/DateTime" value="2018:05:05 15:51:20"/>
          <property name="Exif/DateTimeOriginal" value="2018:05:05 15:51:20"/>
          <property name="Exif/ExposureTime" value="0.1"/>
          <property name="Exif/FNumber" value="1.7"/>
          <property name="Exif/FocalLength" value="4.2"/>
          <property name="Exif/FocalLengthIn35mmFilm" value="26"/>
          <property name="Exif/ISOSpeedRatings" value="200"/>
          <property name="Exif/Make" value="samsung"/>
          <property name="Exif/Model" value="SM-G950F"/>
          <property name="Exif/Orientation" value="1"/>
          <property name="Exif/ShutterSpeedValue" value="3.32"/>
          <property name="Exif/Software" value="G950FXXU1CRD7"/>
          <property name="File/ImageHeight" value="1960"/>
          <property name="File/ImageWidth" value="4032"/>
          <property name="System/FileModifyDate" value="2018:05:05 15:51:21"/>
          <property name="System/FileSize" value="2762410"/>
        </meta>
      </photo>
    </camera>
    <camera camera_id="39">
      <photo path="../../../../../Agisoft fotos/Tablet/20180505_155126.jpg">
        <meta>
          <property name="Exif/ApertureValue" value="1.53"/>
          <property name="Exif/DateTime" value="2018:05:05 15:51:26"/>
          <property name="Exif/DateTimeOriginal" value="2018:05:05 15:51:26"/>
          <property name="Exif/ExposureTime" value="0.0769230769230769"/>
          <property name="Exif/FNumber" value="1.7"/>
          <property name="Exif/FocalLength" value="4.2"/>
          <property name="Exif/FocalLengthIn35mmFilm" value="26"/>
          <property name="Exif/ISOSpeedRatings" value="200"/>
          <property name="Exif/Make" value="samsung"/>
          <property name="Exif/Model" value="SM-G950F"/>
          <property name="Exif/Orientation" value="1"/>
          <property name="Exif/ShutterSpeedValue" value="3.66"/>
          <property name="Exif/Software" value="G950FXXU1CRD7"/>
          <property name="File/ImageHeight" value="1960"/>
          <property name="File/ImageWidth" value="4032"/>
          <property name="System/FileModifyDate" value="2018:05:05 15:51:26"/>
          <property name="System/FileSize" value="2830023"/>
        </meta>
      </photo>
    </camera>
    <camera camera_id="40">
      <photo path="../../../../../Agisoft fotos/Tablet/20180505_155130.jpg">
        <meta>
          <property name="Exif/ApertureValue" value="1.53"/>
          <property name="Exif/DateTime" value="2018:05:05 15:51:30"/>
          <property name="Exif/DateTimeOriginal" value="2018:05:05 15:51:30"/>
          <property name="Exif/ExposureTime" value="0.0769230769230769"/>
          <property name="Exif/FNumber" value="1.7"/>
          <property name="Exif/FocalLength" value="4.2"/>
          <property name="Exif/FocalLengthIn35mmFilm" value="26"/>
          <property name="Exif/ISOSpeedRatings" value="200"/>
          <property name="Exif/Make" value="samsung"/>
          <property name="Exif/Model" value="SM-G950F"/>
          <property name="Exif/Orientation" value="1"/>
          <property name="Exif/ShutterSpeedValue" value="3.75"/>
          <property name="Exif/Software" value="G950FXXU1CRD7"/>
          <property name="File/ImageHeight" value="1960"/>
          <property name="File/ImageWidth" value="4032"/>
          <property name="System/FileModifyDate" value="2018:05:05 15:51:30"/>
          <property name="System/FileSize" value="2917243"/>
        </meta>
      </photo>
    </camera>
    <camera camera_id="41">
      <photo path="../../../../../Agisoft fotos/Tablet/20180505_155135.jpg">
        <meta>
          <property name="Exif/ApertureValue" value="1.53"/>
          <property name="Exif/DateTime" value="2018:05:05 15:51:35"/>
          <property name="Exif/DateTimeOriginal" value="2018:05:05 15:51:35"/>
          <property name="Exif/ExposureTime" value="0.0769230769230769"/>
          <property name="Exif/FNumber" value="1.7"/>
          <property name="Exif/FocalLength" value="4.2"/>
          <property name="Exif/FocalLengthIn35mmFilm" value="26"/>
          <property name="Exif/ISOSpeedRatings" value="200"/>
          <property name="Exif/Make" value="samsung"/>
          <property name="Exif/Model" value="SM-G950F"/>
          <property name="Exif/Orientation" value="1"/>
          <property name="Exif/ShutterSpeedValue" value="3.74"/>
          <property name="Exif/Software" value="G950FXXU1CRD7"/>
          <property name="File/ImageHeight" value="1960"/>
          <property name="File/ImageWidth" value="4032"/>
          <property name="System/FileModifyDate" value="2018:05:05 15:51:36"/>
          <property name="System/FileSize" value="2911233"/>
        </meta>
      </photo>
    </camera>
    <camera camera_id="42">
      <photo path="../../../../../Agisoft fotos/Tablet/20180505_155139.jpg">
        <meta>
          <property name="Exif/ApertureValue" value="1.53"/>
          <property name="Exif/DateTime" value="2018:05:05 15:51:39"/>
          <property name="Exif/DateTimeOriginal" value="2018:05:05 15:51:39"/>
          <property name="Exif/ExposureTime" value="0.0666666666666667"/>
          <property name="Exif/FNumber" value="1.7"/>
          <property name="Exif/FocalLength" value="4.2"/>
          <property name="Exif/FocalLengthIn35mmFilm" value="26"/>
          <property name="Exif/ISOSpeedRatings" value="200"/>
          <property name="Exif/Make" value="samsung"/>
          <property name="Exif/Model" value="SM-G950F"/>
          <property name="Exif/Orientation" value="1"/>
          <property name="Exif/ShutterSpeedValue" value="3.86"/>
          <property name="Exif/Software" value="G950FXXU1CRD7"/>
          <property name="File/ImageHeight" value="1960"/>
          <property name="File/ImageWidth" value="4032"/>
          <property name="System/FileModifyDate" value="2018:05:05 15:51:39"/>
          <property name="System/FileSize" value="2608694"/>
        </meta>
      </photo>
    </camera>
    <camera camera_id="43">
      <photo path="../../../../../Agisoft fotos/Tablet/20180505_155143.jpg">
        <meta>
          <property name="Exif/ApertureValue" value="1.53"/>
          <property name="Exif/DateTime" value="2018:05:05 15:51:43"/>
          <property name="Exif/DateTimeOriginal" value="2018:05:05 15:51:43"/>
          <property name="Exif/ExposureTime" value="0.0555555555555556"/>
          <property name="Exif/FNumber" value="1.7"/>
          <property name="Exif/FocalLength" value="4.2"/>
          <property name="Exif/FocalLengthIn35mmFilm" value="26"/>
          <property name="Exif/ISOSpeedRatings" value="200"/>
          <property name="Exif/Make" value="samsung"/>
          <property name="Exif/Model" value="SM-G950F"/>
          <property name="Exif/Orientation" value="1"/>
          <property name="Exif/ShutterSpeedValue" value="4.14"/>
          <property name="Exif/Software" value="G950FXXU1CRD7"/>
          <property name="File/ImageHeight" value="1960"/>
          <property name="File/ImageWidth" value="4032"/>
          <property name="System/FileModifyDate" value="2018:05:05 15:51:43"/>
          <property name="System/FileSize" value="2757750"/>
        </meta>
      </photo>
    </camera>
    <camera camera_id="44">
      <photo path="../../../../../Agisoft fotos/Tablet/20180505_155147.jpg">
        <meta>
          <property name="Exif/ApertureValue" value="1.53"/>
          <property name="Exif/DateTime" value="2018:05:05 15:51:46"/>
          <property name="Exif/DateTimeOriginal" value="2018:05:05 15:51:46"/>
          <property name="Exif/ExposureTime" value="0.0588235294117647"/>
          <property name="Exif/FNumber" value="1.7"/>
          <property name="Exif/FocalLength" value="4.2"/>
          <property name="Exif/FocalLengthIn35mmFilm" value="26"/>
          <property name="Exif/ISOSpeedRatings" value="200"/>
          <property name="Exif/Make" value="samsung"/>
          <property name="Exif/Model" value="SM-G950F"/>
          <property name="Exif/Orientation" value="1"/>
          <property name="Exif/ShutterSpeedValue" value="4.05"/>
          <property name="Exif/Software" value="G950FXXU1CRD7"/>
          <property name="File/ImageHeight" value="1960"/>
          <property name="File/ImageWidth" value="4032"/>
          <property name="System/FileModifyDate" value="2018:05:05 15:51:47"/>
          <property name="System/FileSize" value="2743929"/>
        </meta>
      </photo>
    </camera>
    <camera camera_id="45">
      <photo path="../../../../../Agisoft fotos/Tablet/20180505_155151.jpg">
        <meta>
          <property name="Exif/ApertureValue" value="1.53"/>
          <property name="Exif/DateTime" value="2018:05:05 15:51:51"/>
          <property name="Exif/DateTimeOriginal" value="2018:05:05 15:51:51"/>
          <property name="Exif/ExposureTime" value="0.0833333333333333"/>
          <property name="Exif/FNumber" value="1.7"/>
          <property name="Exif/FocalLength" value="4.2"/>
          <property name="Exif/FocalLengthIn35mmFilm" value="26"/>
          <property name="Exif/ISOSpeedRatings" value="200"/>
          <property name="Exif/Make" value="samsung"/>
          <property name="Exif/Model" value="SM-G950F"/>
          <property name="Exif/Orientation" value="1"/>
          <property name="Exif/ShutterSpeedValue" value="3.59"/>
          <property name="Exif/Software" value="G950FXXU1CRD7"/>
          <property name="File/ImageHeight" value="1960"/>
          <property name="File/ImageWidth" value="4032"/>
          <property name="System/FileModifyDate" value="2018:05:05 15:51:51"/>
          <property name="System/FileSize" value="2936813"/>
        </meta>
      </photo>
    </camera>
    <camera camera_id="46">
      <photo path="../../../../../Agisoft fotos/Tablet/20180505_155153.jpg">
        <meta>
          <property name="Exif/ApertureValue" value="1.53"/>
          <property name="Exif/DateTime" value="2018:05:05 15:51:53"/>
          <property name="Exif/DateTimeOriginal" value="2018:05:05 15:51:53"/>
          <property name="Exif/ExposureTime" value="0.0666666666666667"/>
          <property name="Exif/FNumber" value="1.7"/>
          <property name="Exif/FocalLength" value="4.2"/>
          <property name="Exif/FocalLengthIn35mmFilm" value="26"/>
          <property name="Exif/ISOSpeedRatings" value="200"/>
          <property name="Exif/Make" value="samsung"/>
          <property name="Exif/Model" value="SM-G950F"/>
          <property name="Exif/Orientation" value="1"/>
          <property name="Exif/ShutterSpeedValue" value="3.91"/>
          <property name="Exif/Software" value="G950FXXU1CRD7"/>
          <property name="File/ImageHeight" value="1960"/>
          <property name="File/ImageWidth" value="4032"/>
          <property name="System/FileModifyDate" value="2018:05:05 15:51:53"/>
          <property name="System/FileSize" value="2926062"/>
        </meta>
      </photo>
    </camera>
    <camera camera_id="47">
      <photo path="../../../../../Agisoft fotos/Tablet/20180505_155158.jpg">
        <meta>
          <property name="Exif/ApertureValue" value="1.53"/>
          <property name="Exif/DateTime" value="2018:05:05 15:51:57"/>
          <property name="Exif/DateTimeOriginal" value="2018:05:05 15:51:57"/>
          <property name="Exif/ExposureTime" value="0.0666666666666667"/>
          <property name="Exif/FNumber" value="1.7"/>
          <property name="Exif/FocalLength" value="4.2"/>
          <property name="Exif/FocalLengthIn35mmFilm" value="26"/>
          <property name="Exif/ISOSpeedRatings" value="200"/>
          <property name="Exif/Make" value="samsung"/>
          <property name="Exif/Model" value="SM-G950F"/>
          <property name="Exif/Orientation" value="1"/>
          <property name="Exif/ShutterSpeedValue" value="3.88"/>
          <property name="Exif/Software" value="G950FXXU1CRD7"/>
          <property name="File/ImageHeight" value="1960"/>
          <property name="File/ImageWidth" value="4032"/>
          <property name="System/FileModifyDate" value="2018:05:05 15:51:58"/>
          <property name="System/FileSize" value="2934388"/>
        </meta>
      </photo>
    </camera>
    <camera camera_id="48">
      <photo path="../../../../../Agisoft fotos/Tablet/20180505_155206.jpg">
        <meta>
          <property name="Exif/ApertureValue" value="1.53"/>
          <property name="Exif/DateTime" value="2018:05:05 15:52:06"/>
          <property name="Exif/DateTimeOriginal" value="2018:05:05 15:52:06"/>
          <property name="Exif/ExposureTime" value="0.1"/>
          <property name="Exif/FNumber" value="1.7"/>
          <property name="Exif/FocalLength" value="4.2"/>
          <property name="Exif/FocalLengthIn35mmFilm" value="26"/>
          <property name="Exif/ISOSpeedRatings" value="200"/>
          <property name="Exif/Make" value="samsung"/>
          <property name="Exif/Model" value="SM-G950F"/>
          <property name="Exif/Orientation" value="1"/>
          <property name="Exif/ShutterSpeedValue" value="3.38"/>
          <property name="Exif/Software" value="G950FXXU1CRD7"/>
          <property name="File/ImageHeight" value="1960"/>
          <property name="File/ImageWidth" value="4032"/>
          <property name="System/FileModifyDate" value="2018:05:05 15:52:06"/>
          <property name="System/FileSize" value="2811162"/>
        </meta>
      </photo>
    </camera>
    <camera camera_id="49">
      <photo path="../../../../../Agisoft fotos/Tablet/20180505_155210.jpg">
        <meta>
          <property name="Exif/ApertureValue" value="1.53"/>
          <property name="Exif/DateTime" value="2018:05:05 15:52:10"/>
          <property name="Exif/DateTimeOriginal" value="2018:05:05 15:52:10"/>
          <property name="Exif/ExposureTime" value="0.0833333333333333"/>
          <property name="Exif/FNumber" value="1.7"/>
          <property name="Exif/FocalLength" value="4.2"/>
          <property name="Exif/FocalLengthIn35mmFilm" value="26"/>
          <property name="Exif/ISOSpeedRatings" value="200"/>
          <property name="Exif/Make" value="samsung"/>
          <property name="Exif/Model" value="SM-G950F"/>
          <property name="Exif/Orientation" value="1"/>
          <property name="Exif/ShutterSpeedValue" value="3.64"/>
          <property name="Exif/Software" value="G950FXXU1CRD7"/>
          <property name="File/ImageHeight" value="1960"/>
          <property name="File/ImageWidth" value="4032"/>
          <property name="System/FileModifyDate" value="2018:05:05 15:52:10"/>
          <property name="System/FileSize" value="2747959"/>
        </meta>
      </photo>
    </camera>
    <camera camera_id="50">
      <photo path="../../../../../Agisoft fotos/Tablet/20180505_155213.jpg">
        <meta>
          <property name="Exif/ApertureValue" value="1.53"/>
          <property name="Exif/DateTime" value="2018:05:05 15:52:13"/>
          <property name="Exif/DateTimeOriginal" value="2018:05:05 15:52:13"/>
          <property name="Exif/ExposureTime" value="0.0833333333333333"/>
          <property name="Exif/FNumber" value="1.7"/>
          <property name="Exif/FocalLength" value="4.2"/>
          <property name="Exif/FocalLengthIn35mmFilm" value="26"/>
          <property name="Exif/ISOSpeedRatings" value="200"/>
          <property name="Exif/Make" value="samsung"/>
          <property name="Exif/Model" value="SM-G950F"/>
          <property name="Exif/Orientation" value="1"/>
          <property name="Exif/ShutterSpeedValue" value="3.58"/>
          <property name="Exif/Software" value="G950FXXU1CRD7"/>
          <property name="File/ImageHeight" value="1960"/>
          <property name="File/ImageWidth" value="4032"/>
          <property name="System/FileModifyDate" value="2018:05:05 15:52:13"/>
          <property name="System/FileSize" value="2639833"/>
        </meta>
      </photo>
    </camera>
    <camera camera_id="51">
      <photo path="../../../../../Agisoft fotos/Tablet/20180505_155217.jpg">
        <meta>
          <property name="Exif/ApertureValue" value="1.53"/>
          <property name="Exif/DateTime" value="2018:05:05 15:52:17"/>
          <property name="Exif/DateTimeOriginal" value="2018:05:05 15:52:17"/>
          <property name="Exif/ExposureTime" value="0.0714285714285714"/>
          <property name="Exif/FNumber" value="1.7"/>
          <property name="Exif/FocalLength" value="4.2"/>
          <property name="Exif/FocalLengthIn35mmFilm" value="26"/>
          <property name="Exif/ISOSpeedRatings" value="200"/>
          <property name="Exif/Make" value="samsung"/>
          <property name="Exif/Model" value="SM-G950F"/>
          <property name="Exif/Orientation" value="1"/>
          <property name="Exif/ShutterSpeedValue" value="3.77"/>
          <property name="Exif/Software" value="G950FXXU1CRD7"/>
          <property name="File/ImageHeight" value="1960"/>
          <property name="File/ImageWidth" value="4032"/>
          <property name="System/FileModifyDate" value="2018:05:05 15:52:17"/>
          <property name="System/FileSize" value="3099100"/>
        </meta>
      </photo>
    </camera>
    <camera camera_id="52">
      <photo path="../../../../../Agisoft fotos/Tablet/20180505_155223.jpg">
        <meta>
          <property name="Exif/ApertureValue" value="1.53"/>
          <property name="Exif/DateTime" value="2018:05:05 15:52:23"/>
          <property name="Exif/DateTimeOriginal" value="2018:05:05 15:52:23"/>
          <property name="Exif/ExposureTime" value="0.0666666666666667"/>
          <property name="Exif/FNumber" value="1.7"/>
          <property name="Exif/FocalLength" value="4.2"/>
          <property name="Exif/FocalLengthIn35mmFilm" value="26"/>
          <property name="Exif/ISOSpeedRatings" value="200"/>
          <property name="Exif/Make" value="samsung"/>
          <property name="Exif/Model" value="SM-G950F"/>
          <property name="Exif/Orientation" value="1"/>
          <property name="Exif/ShutterSpeedValue" value="3.88"/>
          <property name="Exif/Software" value="G950FXXU1CRD7"/>
          <property name="File/ImageHeight" value="1960"/>
          <property name="File/ImageWidth" value="4032"/>
          <property name="System/FileModifyDate" value="2018:05:05 15:52:23"/>
          <property name="System/FileSize" value="2865976"/>
        </meta>
      </photo>
    </camera>
    <camera camera_id="53">
      <photo path="../../../../../Agisoft fotos/Tablet/20180507_151811.jpg">
        <meta>
          <property name="Exif/ApertureValue" value="1.53"/>
          <property name="Exif/DateTime" value="2018:05:07 15:18:10"/>
          <property name="Exif/DateTimeOriginal" value="2018:05:07 15:18:10"/>
          <property name="Exif/ExposureTime" value="0.0909090909090909"/>
          <property name="Exif/FNumber" value="1.7"/>
          <property name="Exif/FocalLength" value="4.2"/>
          <property name="Exif/FocalLengthIn35mmFilm" value="26"/>
          <property name="Exif/ISOSpeedRatings" value="200"/>
          <property name="Exif/Make" value="samsung"/>
          <property name="Exif/Model" value="SM-G950F"/>
          <property name="Exif/Orientation" value="6"/>
          <property name="Exif/ShutterSpeedValue" value="3.45"/>
          <property name="Exif/Software" value="G950FXXU1CRD7"/>
          <property name="File/ImageHeight" value="1960"/>
          <property name="File/ImageWidth" value="4032"/>
          <property name="System/FileModifyDate" value="2018:05:07 15:18:11"/>
          <property name="System/FileSize" value="3182708"/>
        </meta>
      </photo>
    </camera>
    <camera camera_id="54">
      <photo path="../../../../../Agisoft fotos/Tablet/20180507_151817.jpg">
        <meta>
          <property name="Exif/ApertureValue" value="1.53"/>
          <property name="Exif/DateTime" value="2018:05:07 15:18:17"/>
          <property name="Exif/DateTimeOriginal" value="2018:05:07 15:18:17"/>
          <property name="Exif/ExposureTime" value="0.1"/>
          <property name="Exif/FNumber" value="1.7"/>
          <property name="Exif/FocalLength" value="4.2"/>
          <property name="Exif/FocalLengthIn35mmFilm" value="26"/>
          <property name="Exif/ISOSpeedRatings" value="250"/>
          <property name="Exif/Make" value="samsung"/>
          <property name="Exif/Model" value="SM-G950F"/>
          <property name="Exif/Orientation" value="6"/>
          <property name="Exif/ShutterSpeedValue" value="3.32"/>
          <property name="Exif/Software" value="G950FXXU1CRD7"/>
          <property name="File/ImageHeight" value="1960"/>
          <property name="File/ImageWidth" value="4032"/>
          <property name="System/FileModifyDate" value="2018:05:07 15:18:17"/>
          <property name="System/FileSize" value="3010806"/>
        </meta>
      </photo>
    </camera>
    <camera camera_id="55">
      <photo path="../../../../../Agisoft fotos/Tablet/20180507_151821.jpg">
        <meta>
          <property name="Exif/ApertureValue" value="1.53"/>
          <property name="Exif/DateTime" value="2018:05:07 15:18:20"/>
          <property name="Exif/DateTimeOriginal" value="2018:05:07 15:18:20"/>
          <property name="Exif/ExposureTime" value="0.1"/>
          <property name="Exif/FNumber" value="1.7"/>
          <property name="Exif/FocalLength" value="4.2"/>
          <property name="Exif/FocalLengthIn35mmFilm" value="26"/>
          <property name="Exif/ISOSpeedRatings" value="250"/>
          <property name="Exif/Make" value="samsung"/>
          <property name="Exif/Model" value="SM-G950F"/>
          <property name="Exif/Orientation" value="6"/>
          <property name="Exif/ShutterSpeedValue" value="3.32"/>
          <property name="Exif/Software" value="G950FXXU1CRD7"/>
          <property name="File/ImageHeight" value="1960"/>
          <property name="File/ImageWidth" value="4032"/>
          <property name="System/FileModifyDate" value="2018:05:07 15:18:21"/>
          <property name="System/FileSize" value="3078679"/>
        </meta>
      </photo>
    </camera>
    <camera camera_id="56">
      <photo path="../../../../../Agisoft fotos/Tablet/20180507_151825.jpg">
        <meta>
          <property name="Exif/ApertureValue" value="1.53"/>
          <property name="Exif/DateTime" value="2018:05:07 15:18:25"/>
          <property name="Exif/DateTimeOriginal" value="2018:05:07 15:18:25"/>
          <property name="Exif/ExposureTime" value="0.1"/>
          <property name="Exif/FNumber" value="1.7"/>
          <property name="Exif/FocalLength" value="4.2"/>
          <property name="Exif/FocalLengthIn35mmFilm" value="26"/>
          <property name="Exif/ISOSpeedRatings" value="250"/>
          <property name="Exif/Make" value="samsung"/>
          <property name="Exif/Model" value="SM-G950F"/>
          <property name="Exif/Orientation" value="6"/>
          <property name="Exif/ShutterSpeedValue" value="3.32"/>
          <property name="Exif/Software" value="G950FXXU1CRD7"/>
          <property name="File/ImageHeight" value="1960"/>
          <property name="File/ImageWidth" value="4032"/>
          <property name="System/FileModifyDate" value="2018:05:07 15:18:25"/>
          <property name="System/FileSize" value="2977553"/>
        </meta>
      </photo>
    </camera>
    <camera camera_id="57">
      <photo path="../../../../../Agisoft fotos/Tablet/20180507_151831.jpg">
        <meta>
          <property name="Exif/ApertureValue" value="1.53"/>
          <property name="Exif/DateTime" value="2018:05:07 15:18:31"/>
          <property name="Exif/DateTimeOriginal" value="2018:05:07 15:18:31"/>
          <property name="Exif/ExposureTime" value="0.1"/>
          <property name="Exif/FNumber" value="1.7"/>
          <property name="Exif/FocalLength" value="4.2"/>
          <property name="Exif/FocalLengthIn35mmFilm" value="26"/>
          <property name="Exif/ISOSpeedRatings" value="640"/>
          <property name="Exif/Make" value="samsung"/>
          <property name="Exif/Model" value="SM-G950F"/>
          <property name="Exif/Orientation" value="6"/>
          <property name="Exif/ShutterSpeedValue" value="3.32"/>
          <property name="Exif/Software" value="G950FXXU1CRD7"/>
          <property name="File/ImageHeight" value="1960"/>
          <property name="File/ImageWidth" value="4032"/>
          <property name="System/FileModifyDate" value="2018:05:07 15:18:31"/>
          <property name="System/FileSize" value="3041413"/>
        </meta>
      </photo>
    </camera>
    <camera camera_id="58">
      <photo path="../../../../../Agisoft fotos/Tablet/20180507_151833.jpg">
        <meta>
          <property name="Exif/ApertureValue" value="1.53"/>
          <property name="Exif/DateTime" value="2018:05:07 15:18:33"/>
          <property name="Exif/DateTimeOriginal" value="2018:05:07 15:18:33"/>
          <property name="Exif/ExposureTime" value="0.1"/>
          <property name="Exif/FNumber" value="1.7"/>
          <property name="Exif/FocalLength" value="4.2"/>
          <property name="Exif/FocalLengthIn35mmFilm" value="26"/>
          <property name="Exif/ISOSpeedRatings" value="500"/>
          <property name="Exif/Make" value="samsung"/>
          <property name="Exif/Model" value="SM-G950F"/>
          <property name="Exif/Orientation" value="6"/>
          <property name="Exif/ShutterSpeedValue" value="3.32"/>
          <property name="Exif/Software" value="G950FXXU1CRD7"/>
          <property name="File/ImageHeight" value="1960"/>
          <property name="File/ImageWidth" value="4032"/>
          <property name="System/FileModifyDate" value="2018:05:07 15:18:34"/>
          <property name="System/FileSize" value="2837529"/>
        </meta>
      </photo>
    </camera>
    <camera camera_id="59">
      <photo path="../../../../../Agisoft fotos/Tablet/20180507_151837.jpg">
        <meta>
          <property name="Exif/ApertureValue" value="1.53"/>
          <property name="Exif/DateTime" value="2018:05:07 15:18:37"/>
          <property name="Exif/DateTimeOriginal" value="2018:05:07 15:18:37"/>
          <property name="Exif/ExposureTime" value="0.1"/>
          <property name="Exif/FNumber" value="1.7"/>
          <property name="Exif/FocalLength" value="4.2"/>
          <property name="Exif/FocalLengthIn35mmFilm" value="26"/>
          <property name="Exif/ISOSpeedRatings" value="640"/>
          <property name="Exif/Make" value="samsung"/>
          <property name="Exif/Model" value="SM-G950F"/>
          <property name="Exif/Orientation" value="6"/>
          <property name="Exif/ShutterSpeedValue" value="3.32"/>
          <property name="Exif/Software" value="G950FXXU1CRD7"/>
          <property name="File/ImageHeight" value="1960"/>
          <property name="File/ImageWidth" value="4032"/>
          <property name="System/FileModifyDate" value="2018:05:07 15:18:38"/>
          <property name="System/FileSize" value="2903229"/>
        </meta>
      </photo>
    </camera>
    <camera camera_id="60">
      <photo path="../../../../../Agisoft fotos/Tablet/20180507_151842.jpg">
        <meta>
          <property name="Exif/ApertureValue" value="1.53"/>
          <property name="Exif/DateTime" value="2018:05:07 15:18:42"/>
          <property name="Exif/DateTimeOriginal" value="2018:05:07 15:18:42"/>
          <property name="Exif/ExposureTime" value="0.0909090909090909"/>
          <property name="Exif/FNumber" value="1.7"/>
          <property name="Exif/FocalLength" value="4.2"/>
          <property name="Exif/FocalLengthIn35mmFilm" value="26"/>
          <property name="Exif/ISOSpeedRatings" value="200"/>
          <property name="Exif/Make" value="samsung"/>
          <property name="Exif/Model" value="SM-G950F"/>
          <property name="Exif/Orientation" value="6"/>
          <property name="Exif/ShutterSpeedValue" value="3.52"/>
          <property name="Exif/Software" value="G950FXXU1CRD7"/>
          <property name="File/ImageHeight" value="1960"/>
          <property name="File/ImageWidth" value="4032"/>
          <property name="System/FileModifyDate" value="2018:05:07 15:18:42"/>
          <property name="System/FileSize" value="3060737"/>
        </meta>
      </photo>
    </camera>
  </cameras>
  <thumbnails path="thumbnails/thumbnails.zip"/>
  <point_cloud path="point_cloud/point_cloud.zip"/>
  <dense_cloud path="dense_cloud/dense_cloud.zip"/>
  <model path="model/model.zip"/>
</frame>
