<?xml version="1.0" encoding="UTF-8"?>
<point_cloud version="1.2.0">
  <tracks path="tracks.ply" count="43088"/>
  <points path="points.ply" count="20243"/>
  <projections camera_id="0" path="p0.ply" count="4625"/>
  <projections camera_id="1" path="p1.ply" count="4653"/>
  <projections camera_id="2" path="p2.ply" count="4591"/>
  <projections camera_id="3" path="p3.ply" count="4685"/>
  <projections camera_id="4" path="p4.ply" count="4412"/>
  <projections camera_id="5" path="p5.ply" count="4461"/>
  <projections camera_id="6" path="p6.ply" count="4489"/>
  <projections camera_id="7" path="p7.ply" count="4455"/>
  <projections camera_id="8" path="p8.ply" count="4000"/>
  <projections camera_id="9" path="p9.ply" count="4192"/>
  <projections camera_id="10" path="p10.ply" count="3964"/>
  <projections camera_id="11" path="p11.ply" count="3248"/>
  <projections camera_id="12" path="p12.ply" count="2160"/>
  <projections camera_id="13" path="p13.ply" count="2084"/>
  <projections camera_id="14" path="p14.ply" count="2193"/>
  <projections camera_id="15" path="p15.ply" count="1773"/>
  <projections camera_id="16" path="p16.ply" count="1865"/>
  <projections camera_id="17" path="p17.ply" count="1322"/>
  <projections camera_id="18" path="p18.ply" count="2794"/>
  <projections camera_id="19" path="p19.ply" count="2662"/>
  <projections camera_id="20" path="p20.ply" count="1840"/>
  <projections camera_id="21" path="p21.ply" count="3120"/>
  <projections camera_id="22" path="p22.ply" count="2796"/>
  <projections camera_id="23" path="p23.ply" count="2692"/>
  <projections camera_id="24" path="p24.ply" count="869"/>
  <projections camera_id="25" path="p25.ply" count="842"/>
  <projections camera_id="26" path="p26.ply" count="782"/>
  <projections camera_id="27" path="p27.ply" count="1093"/>
  <projections camera_id="28" path="p28.ply" count="917"/>
  <projections camera_id="29" path="p29.ply" count="1397"/>
  <projections camera_id="30" path="p30.ply" count="1845"/>
  <projections camera_id="31" path="p31.ply" count="2490"/>
  <projections camera_id="32" path="p32.ply" count="2152"/>
  <projections camera_id="33" path="p33.ply" count="997"/>
  <projections camera_id="34" path="p34.ply" count="915"/>
  <projections camera_id="35" path="p35.ply" count="2026"/>
  <projections camera_id="36" path="p36.ply" count="2320"/>
  <projections camera_id="37" path="p37.ply" count="4006"/>
  <projections camera_id="38" path="p38.ply" count="3721"/>
  <projections camera_id="39" path="p39.ply" count="2694"/>
  <projections camera_id="40" path="p40.ply" count="3993"/>
  <projections camera_id="41" path="p41.ply" count="3605"/>
  <projections camera_id="42" path="p42.ply" count="1613"/>
  <projections camera_id="43" path="p43.ply" count="3384"/>
  <projections camera_id="44" path="p44.ply" count="4003"/>
  <projections camera_id="45" path="p45.ply" count="4012"/>
  <projections camera_id="46" path="p46.ply" count="4165"/>
  <projections camera_id="47" path="p47.ply" count="3874"/>
  <projections camera_id="48" path="p48.ply" count="4002"/>
  <projections camera_id="49" path="p49.ply" count="4006"/>
  <projections camera_id="50" path="p50.ply" count="2542"/>
  <projections camera_id="51" path="p51.ply" count="3992"/>
  <projections camera_id="52" path="p52.ply" count="4122"/>
  <projections camera_id="53" path="p53.ply" count="4057"/>
  <projections camera_id="54" path="p54.ply" count="3327"/>
  <projections camera_id="55" path="p55.ply" count="3807"/>
  <projections camera_id="56" path="p56.ply" count="4000"/>
  <projections camera_id="57" path="p57.ply" count="3586"/>
  <projections camera_id="58" path="p58.ply" count="2619"/>
  <projections camera_id="59" path="p59.ply" count="3302"/>
  <projections camera_id="60" path="p60.ply" count="4006"/>
  <meta>
    <property name="match/duration" value="451.417"/>
    <property name="match/match_downscale" value="1"/>
    <property name="match/match_filter_mask" value="false"/>
    <property name="match/match_point_limit" value="40000"/>
    <property name="match/match_select_pairs" value="0"/>
    <property name="match/match_tiepoint_limit" value="4000"/>
  </meta>
</point_cloud>
