<?xml version="1.0" encoding="UTF-8"?>
<point_cloud version="1.2.0">
  <tracks path="tracks.ply" count="104291"/>
  <points path="points.ply" count="54518"/>
  <projections camera_id="0" path="p0.ply" count="4092"/>
  <projections camera_id="1" path="p1.ply" count="4021"/>
  <projections camera_id="2" path="p2.ply" count="4327"/>
  <projections camera_id="3" path="p3.ply" count="4050"/>
  <projections camera_id="4" path="p4.ply" count="3860"/>
  <projections camera_id="5" path="p5.ply" count="4085"/>
  <projections camera_id="6" path="p6.ply" count="4117"/>
  <projections camera_id="7" path="p7.ply" count="4017"/>
  <projections camera_id="8" path="p8.ply" count="4008"/>
  <projections camera_id="9" path="p9.ply" count="4042"/>
  <projections camera_id="10" path="p10.ply" count="4082"/>
  <projections camera_id="11" path="p11.ply" count="4228"/>
  <projections camera_id="12" path="p12.ply" count="4231"/>
  <projections camera_id="13" path="p13.ply" count="4026"/>
  <projections camera_id="14" path="p14.ply" count="4029"/>
  <projections camera_id="15" path="p15.ply" count="3661"/>
  <projections camera_id="16" path="p16.ply" count="4019"/>
  <projections camera_id="17" path="p17.ply" count="4037"/>
  <projections camera_id="18" path="p18.ply" count="4035"/>
  <projections camera_id="19" path="p19.ply" count="4060"/>
  <projections camera_id="20" path="p20.ply" count="4111"/>
  <projections camera_id="21" path="p21.ply" count="4044"/>
  <projections camera_id="22" path="p22.ply" count="4005"/>
  <projections camera_id="23" path="p23.ply" count="4205"/>
  <projections camera_id="24" path="p24.ply" count="4034"/>
  <projections camera_id="25" path="p25.ply" count="4088"/>
  <projections camera_id="26" path="p26.ply" count="4024"/>
  <projections camera_id="27" path="p27.ply" count="4009"/>
  <projections camera_id="28" path="p28.ply" count="3936"/>
  <projections camera_id="29" path="p29.ply" count="4016"/>
  <projections camera_id="30" path="p30.ply" count="3974"/>
  <projections camera_id="31" path="p31.ply" count="4026"/>
  <projections camera_id="32" path="p32.ply" count="4715"/>
  <projections camera_id="33" path="p33.ply" count="4990"/>
  <projections camera_id="34" path="p34.ply" count="4705"/>
  <projections camera_id="35" path="p35.ply" count="4301"/>
  <projections camera_id="36" path="p36.ply" count="4064"/>
  <projections camera_id="37" path="p37.ply" count="4197"/>
  <projections camera_id="38" path="p38.ply" count="4059"/>
  <projections camera_id="39" path="p39.ply" count="3774"/>
  <projections camera_id="40" path="p40.ply" count="4039"/>
  <projections camera_id="41" path="p41.ply" count="4239"/>
  <projections camera_id="42" path="p42.ply" count="4369"/>
  <projections camera_id="43" path="p43.ply" count="4196"/>
  <projections camera_id="44" path="p44.ply" count="4041"/>
  <projections camera_id="45" path="p45.ply" count="4015"/>
  <projections camera_id="46" path="p46.ply" count="4004"/>
  <projections camera_id="47" path="p47.ply" count="3982"/>
  <projections camera_id="48" path="p48.ply" count="4054"/>
  <projections camera_id="49" path="p49.ply" count="4299"/>
  <projections camera_id="50" path="p50.ply" count="4019"/>
  <projections camera_id="51" path="p51.ply" count="4069"/>
  <projections camera_id="52" path="p52.ply" count="4048"/>
  <projections camera_id="53" path="p53.ply" count="3352"/>
  <projections camera_id="54" path="p54.ply" count="4376"/>
  <projections camera_id="55" path="p55.ply" count="4315"/>
  <projections camera_id="56" path="p56.ply" count="4215"/>
  <projections camera_id="57" path="p57.ply" count="4246"/>
  <projections camera_id="58" path="p58.ply" count="4279"/>
  <projections camera_id="59" path="p59.ply" count="4003"/>
  <projections camera_id="60" path="p60.ply" count="4013"/>
  <projections camera_id="61" path="p61.ply" count="4052"/>
  <projections camera_id="62" path="p62.ply" count="4068"/>
  <projections camera_id="63" path="p63.ply" count="3996"/>
  <projections camera_id="64" path="p64.ply" count="3992"/>
  <projections camera_id="65" path="p65.ply" count="4021"/>
  <projections camera_id="66" path="p66.ply" count="4001"/>
  <projections camera_id="67" path="p67.ply" count="4082"/>
  <projections camera_id="68" path="p68.ply" count="4072"/>
  <projections camera_id="69" path="p69.ply" count="4027"/>
  <projections camera_id="70" path="p70.ply" count="4030"/>
  <projections camera_id="71" path="p71.ply" count="4059"/>
  <projections camera_id="72" path="p72.ply" count="4138"/>
  <projections camera_id="73" path="p73.ply" count="4065"/>
  <projections camera_id="74" path="p74.ply" count="1619"/>
  <projections camera_id="75" path="p75.ply" count="1509"/>
  <projections camera_id="76" path="p76.ply" count="1256"/>
  <projections camera_id="77" path="p77.ply" count="1311"/>
  <projections camera_id="78" path="p78.ply" count="2350"/>
  <projections camera_id="79" path="p79.ply" count="2237"/>
  <projections camera_id="80" path="p80.ply" count="3367"/>
  <projections camera_id="81" path="p81.ply" count="3331"/>
  <projections camera_id="82" path="p82.ply" count="2830"/>
  <projections camera_id="83" path="p83.ply" count="1766"/>
  <projections camera_id="84" path="p84.ply" count="3074"/>
  <projections camera_id="85" path="p85.ply" count="2328"/>
  <projections camera_id="86" path="p86.ply" count="1599"/>
  <projections camera_id="87" path="p87.ply" count="1652"/>
  <projections camera_id="88" path="p88.ply" count="1748"/>
  <projections camera_id="89" path="p89.ply" count="1704"/>
  <projections camera_id="90" path="p90.ply" count="1181"/>
  <projections camera_id="91" path="p91.ply" count="2175"/>
  <projections camera_id="92" path="p92.ply" count="2566"/>
  <projections camera_id="93" path="p93.ply" count="2077"/>
  <projections camera_id="94" path="p94.ply" count="1973"/>
  <projections camera_id="95" path="p95.ply" count="1887"/>
  <projections camera_id="96" path="p96.ply" count="1758"/>
  <projections camera_id="97" path="p97.ply" count="1887"/>
  <projections camera_id="98" path="p98.ply" count="1990"/>
  <projections camera_id="99" path="p99.ply" count="1881"/>
  <projections camera_id="100" path="p100.ply" count="1609"/>
  <projections camera_id="101" path="p101.ply" count="1300"/>
  <projections camera_id="102" path="p102.ply" count="1844"/>
  <projections camera_id="103" path="p103.ply" count="1954"/>
  <projections camera_id="104" path="p104.ply" count="2018"/>
  <projections camera_id="105" path="p105.ply" count="3883"/>
  <projections camera_id="106" path="p106.ply" count="3223"/>
  <projections camera_id="107" path="p107.ply" count="4030"/>
  <projections camera_id="108" path="p108.ply" count="3482"/>
  <projections camera_id="109" path="p109.ply" count="3790"/>
  <projections camera_id="110" path="p110.ply" count="3221"/>
  <projections camera_id="111" path="p111.ply" count="2312"/>
  <projections camera_id="112" path="p112.ply" count="2271"/>
  <projections camera_id="113" path="p113.ply" count="2467"/>
  <projections camera_id="114" path="p114.ply" count="1991"/>
  <projections camera_id="115" path="p115.ply" count="1745"/>
  <projections camera_id="116" path="p116.ply" count="1662"/>
  <projections camera_id="117" path="p117.ply" count="2040"/>
  <projections camera_id="118" path="p118.ply" count="2455"/>
  <projections camera_id="119" path="p119.ply" count="2925"/>
  <projections camera_id="120" path="p120.ply" count="4068"/>
  <projections camera_id="121" path="p121.ply" count="3769"/>
  <projections camera_id="122" path="p122.ply" count="4038"/>
  <projections camera_id="123" path="p123.ply" count="4128"/>
  <projections camera_id="124" path="p124.ply" count="4340"/>
  <projections camera_id="125" path="p125.ply" count="4427"/>
  <projections camera_id="126" path="p126.ply" count="4770"/>
  <projections camera_id="127" path="p127.ply" count="4020"/>
  <projections camera_id="128" path="p128.ply" count="4070"/>
  <projections camera_id="129" path="p129.ply" count="4002"/>
  <projections camera_id="130" path="p130.ply" count="4076"/>
  <projections camera_id="131" path="p131.ply" count="4004"/>
  <projections camera_id="132" path="p132.ply" count="4024"/>
  <projections camera_id="133" path="p133.ply" count="4084"/>
  <projections camera_id="134" path="p134.ply" count="3434"/>
  <projections camera_id="135" path="p135.ply" count="3365"/>
  <projections camera_id="136" path="p136.ply" count="4038"/>
  <projections camera_id="137" path="p137.ply" count="4008"/>
  <projections camera_id="138" path="p138.ply" count="4082"/>
  <projections camera_id="139" path="p139.ply" count="4774"/>
  <meta>
    <property name="match/duration" value="7429.41"/>
    <property name="match/match_downscale" value="1"/>
    <property name="match/match_filter_mask" value="false"/>
    <property name="match/match_point_limit" value="40000"/>
    <property name="match/match_select_pairs" value="0"/>
    <property name="match/match_tiepoint_limit" value="4000"/>
  </meta>
</point_cloud>
