<?xml version="1.0" encoding="UTF-8"?>
<point_cloud version="1.2.0">
  <tracks path="tracks.ply" count="39914"/>
  <points path="points.ply" count="18352"/>
  <projections camera_id="0" path="p0.ply" count="2706"/>
  <projections camera_id="1" path="p1.ply" count="1724"/>
  <projections camera_id="2" path="p2.ply" count="2141"/>
  <projections camera_id="3" path="p3.ply" count="2150"/>
  <projections camera_id="4" path="p4.ply" count="1642"/>
  <projections camera_id="5" path="p5.ply" count="1298"/>
  <projections camera_id="6" path="p6.ply" count="625"/>
  <projections camera_id="7" path="p7.ply" count="962"/>
  <projections camera_id="8" path="p8.ply" count="1195"/>
  <projections camera_id="9" path="p9.ply" count="1294"/>
  <projections camera_id="10" path="p10.ply" count="2602"/>
  <projections camera_id="11" path="p11.ply" count="1712"/>
  <projections camera_id="12" path="p12.ply" count="1305"/>
  <projections camera_id="13" path="p13.ply" count="1719"/>
  <projections camera_id="14" path="p14.ply" count="1511"/>
  <projections camera_id="15" path="p15.ply" count="1339"/>
  <projections camera_id="16" path="p16.ply" count="1739"/>
  <projections camera_id="17" path="p17.ply" count="1061"/>
  <projections camera_id="18" path="p18.ply" count="644"/>
  <projections camera_id="19" path="p19.ply" count="769"/>
  <projections camera_id="20" path="p20.ply" count="1077"/>
  <projections camera_id="21" path="p21.ply" count="1138"/>
  <projections camera_id="22" path="p22.ply" count="1559"/>
  <projections camera_id="23" path="p23.ply" count="1992"/>
  <projections camera_id="24" path="p24.ply" count="2010"/>
  <projections camera_id="25" path="p25.ply" count="840"/>
  <projections camera_id="26" path="p26.ply" count="1299"/>
  <projections camera_id="27" path="p27.ply" count="1651"/>
  <projections camera_id="28" path="p28.ply" count="1421"/>
  <projections camera_id="29" path="p29.ply" count="1079"/>
  <projections camera_id="30" path="p30.ply" count="1405"/>
  <projections camera_id="31" path="p31.ply" count="1726"/>
  <projections camera_id="32" path="p32.ply" count="1185"/>
  <projections camera_id="33" path="p33.ply" count="1066"/>
  <projections camera_id="34" path="p34.ply" count="1231"/>
  <projections camera_id="35" path="p35.ply" count="1182"/>
  <projections camera_id="36" path="p36.ply" count="1387"/>
  <projections camera_id="37" path="p37.ply" count="1799"/>
  <projections camera_id="38" path="p38.ply" count="1575"/>
  <projections camera_id="39" path="p39.ply" count="1761"/>
  <projections camera_id="40" path="p40.ply" count="702"/>
  <projections camera_id="41" path="p41.ply" count="624"/>
  <projections camera_id="42" path="p42.ply" count="1138"/>
  <projections camera_id="43" path="p43.ply" count="996"/>
  <projections camera_id="44" path="p44.ply" count="996"/>
  <projections camera_id="45" path="p45.ply" count="1088"/>
  <projections camera_id="46" path="p46.ply" count="1632"/>
  <projections camera_id="47" path="p47.ply" count="1589"/>
  <projections camera_id="48" path="p48.ply" count="1170"/>
  <projections camera_id="49" path="p49.ply" count="778"/>
  <projections camera_id="50" path="p50.ply" count="1115"/>
  <projections camera_id="51" path="p51.ply" count="1004"/>
  <projections camera_id="52" path="p52.ply" count="1267"/>
  <projections camera_id="53" path="p53.ply" count="1570"/>
  <projections camera_id="54" path="p54.ply" count="1409"/>
  <projections camera_id="55" path="p55.ply" count="1499"/>
  <projections camera_id="56" path="p56.ply" count="1629"/>
  <projections camera_id="57" path="p57.ply" count="758"/>
  <projections camera_id="58" path="p58.ply" count="1003"/>
  <projections camera_id="59" path="p59.ply" count="625"/>
  <projections camera_id="60" path="p60.ply" count="708"/>
  <projections camera_id="61" path="p61.ply" count="1064"/>
  <projections camera_id="62" path="p62.ply" count="1106"/>
  <projections camera_id="63" path="p63.ply" count="1417"/>
  <projections camera_id="64" path="p64.ply" count="929"/>
  <projections camera_id="65" path="p65.ply" count="1166"/>
  <projections camera_id="66" path="p66.ply" count="1404"/>
  <projections camera_id="67" path="p67.ply" count="1214"/>
  <projections camera_id="68" path="p68.ply" count="602"/>
  <projections camera_id="69" path="p69.ply" count="667"/>
  <projections camera_id="70" path="p70.ply" count="698"/>
  <projections camera_id="71" path="p71.ply" count="964"/>
  <projections camera_id="72" path="p72.ply" count="771"/>
  <projections camera_id="73" path="p73.ply" count="719"/>
  <projections camera_id="74" path="p74.ply" count="1159"/>
  <projections camera_id="75" path="p75.ply" count="874"/>
  <projections camera_id="76" path="p76.ply" count="1134"/>
  <projections camera_id="77" path="p77.ply" count="1723"/>
  <projections camera_id="78" path="p78.ply" count="1601"/>
  <projections camera_id="79" path="p79.ply" count="1577"/>
  <projections camera_id="80" path="p80.ply" count="1004"/>
  <projections camera_id="81" path="p81.ply" count="1484"/>
  <meta>
    <property name="match/duration" value="398.99"/>
    <property name="match/match_downscale" value="1"/>
    <property name="match/match_filter_mask" value="false"/>
    <property name="match/match_point_limit" value="40000"/>
    <property name="match/match_select_pairs" value="0"/>
    <property name="match/match_tiepoint_limit" value="4000"/>
  </meta>
</point_cloud>
